0,0,1,2,4,5,11,15,21,30,35,39,45,58,62,63,65,78,96,98,106,121,122,124,139,156,181,204,218,219,248,270,290,302,309,329,356,358,366,400,414,434,463,493,523,546,561,591,613,639,645,695,724,750,774,820,843,885,910,963,1010,1035,1076,1096,1117,1126,1174,1202,1231,1239,1242,1282,1324,1384,1392,1431,1438,1457,1491,1512,1569,1649,1690,1755,1779,1836,1871,1916,1939,1996,2027,2116,2162,2241,2304,2341,2412,2464,2490,2572,
0,0,1,4,5,10,12,17,24,32,38,39,50,61,75,81,88,94,99,115,135,140,148,158,174,188,211,214,220,245,273,288,310,316,331,345,369,387,399,402,406,419,445,485,525,541,584,593,621,630,648,657,663,705,728,732,773,809,824,851,885,937,974,978,996,1005,1008,1056,1087,1148,1188,1222,1285,1298,1341,1375,1408,1469,1487,1543,1545,1601,1629,1650,1672,1729,1787,1820,1884,1965,2017,2107,2124,2154,2224,2265,2341,2404,2436,2530,
0,0,2,4,6,11,17,18,25,32,39,43,50,58,71,76,92,95,97,98,111,124,139,149,169,182,191,204,210,217,240,242,255,266,294,313,344,375,405,440,443,472,482,501,522,565,572,601,615,651,689,713,714,742,757,812,849,905,961,988,1048,1077,1100,1156,1158,1162,1197,1264,1295,1354,1412,1444,1445,1452,1482,1494,1545,1547,1574,1649,1711,1767,1789,1807,1846,1926,2012,2085,2111,2118,2179,2200,2204,2224,2229,2284,2329,2416,2447,2482,
0,0,1,2,5,10,13,17,18,26,27,38,48,49,62,67,71,77,95,103,121,136,157,176,188,189,190,198,204,210,238,266,287,288,291,301,322,353,384,388,425,462,497,507,515,553,573,600,612,635,684,696,748,760,797,806,840,882,893,924,957,985,998,1042,1069,1128,1141,1145,1153,1184,1240,1283,1334,1361,1398,1448,1453,1455,1505,1573,1619,1676,1742,1825,1866,1943,1999,2046,2106,2179,2256,2293,2314,2384,2447,2533,2555,2624,2694,2773,
0,0,1,3,5,8,13,16,17,25,31,40,42,51,64,68,75,79,89,90,100,103,119,123,133,138,148,153,173,189,203,219,223,252,256,269,285,288,325,350,382,408,435,454,474,494,538,558,591,608,631,649,654,665,673,714,738,756,778,804,818,834,872,902,908,934,951,972,1003,1050,1113,1170,1231,1255,1326,1364,1385,1400,1426,1470,1472,1523,1553,1630,1691,1693,1771,1810,1863,1870,1937,1964,2036,2065,2102,2149,2204,2267,2332,2379,
0,0,2,4,8,11,15,18,24,25,30,40,52,61,67,82,92,108,120,133,149,164,174,178,184,209,215,241,262,272,292,311,339,363,397,407,414,424,440,459,472,509,516,533,571,577,593,605,606,619,651,677,703,741,788,790,815,827,861,910,954,974,1029,1048,1073,1080,1082,1139,1158,1198,1217,1249,1297,1323,1359,1383,1408,1440,1445,1450,1513,1524,1540,1608,1625,1676,1726,1777,1783,1832,1907,1958,2001,2051,2071,2133,2191,2259,2321,2409,
0,0,2,3,7,9,12,17,23,32,33,37,48,56,68,72,79,88,100,112,117,128,136,139,153,169,186,202,223,245,275,296,327,358,379,391,403,404,429,466,496,511,515,526,547,570,614,628,675,687,716,745,747,794,818,866,871,921,940,966,988,1043,1087,1111,1131,1152,1165,1229,1252,1290,1334,1371,1403,1467,1514,1577,1596,1662,1700,1728,1804,1811,1823,1867,1947,1966,2037,2102,2144,2201,2203,2255,2266,2348,2352,2380,2390,2444,2539,2557,
0,0,2,3,5,7,10,13,16,21,26,34,43,52,66,67,76,82,92,105,123,143,162,183,202,223,241,246,248,271,296,315,328,332,359,363,392,425,448,485,523,562,590,609,635,679,701,710,751,789,798,820,864,865,894,939,973,1030,1038,1073,1091,1125,1178,1197,1201,1264,1287,1345,1404,1436,1451,1468,1484,1549,1620,1637,1667,1728,1775,1822,1867,1898,1949,2014,2033,2117,2179,2248,2313,2393,2433,2447,2531,2553,2572,2579,2641,2736,2810,2846,
0,0,2,4,7,8,9,10,13,16,17,21,32,36,38,48,52,69,80,96,103,115,125,146,162,174,179,196,204,206,229,233,259,274,301,327,359,371,405,421,454,475,492,512,527,555,561,582,612,655,664,681,709,748,765,800,841,875,880,938,990,996,1026,1068,1076,1083,1089,1154,1166,1175,1199,1203,1248,1284,1350,1367,1387,1405,1418,1492,1526,1562,1569,1641,1711,1739,1751,1817,1854,1888,1965,2038,2048,2080,2094,2154,2169,2242,2270,2273,
0,0,2,4,7,9,15,19,27,35,45,47,54,59,60,65,73,77,86,87,93,112,132,155,170,183,187,208,219,248,271,288,298,313,345,380,401,408,431,446,485,500,535,540,561,603,613,659,702,706,727,728,748,775,824,855,900,932,989,1018,1021,1026,1054,1110,1112,1149,1162,1220,1256,1302,1332,1336,1342,1396,1442,1454,1475,1506,1553,1608,1614,1662,1682,1731,1742,1791,1828,1904,1964,2001,2044,2112,2172,2245,2334,2351,2399,2405,2461,2506,
0,0,1,2,3,4,6,12,13,14,17,24,26,31,38,53,67,78,93,110,128,141,161,176,189,191,208,230,248,253,283,294,325,329,355,381,392,407,441,453,455,492,506,518,562,588,621,661,675,707,756,788,789,828,842,880,906,937,954,993,1044,1056,1078,1132,1177,1193,1255,1285,1338,1389,1440,1503,1547,1570,1626,1699,1724,1757,1796,1820,1822,1862,1881,1943,1990,2064,2115,2182,2246,2267,2322,2323,2407,2499,2587,2588,2633,2711,2725,2752,
0,0,2,5,7,8,14,21,26,31,41,52,64,70,76,82,84,90,108,123,125,134,136,149,151,172,198,224,235,245,259,284,302,320,328,332,362,384,422,424,429,451,463,490,491,499,532,539,558,606,641,655,699,715,737,769,823,856,886,935,991,1003,1059,1121,1123,1168,1171,1230,1290,1292,1312,1362,1379,1414,1439,1462,1507,1564,1589,1620,1697,1731,1807,1874,1912,1923,2007,2068,2125,2203,2268,2333,2421,2467,2478,2567,2648,2724,2803,2806,
0,0,2,5,6,11,17,18,20,24,29,40,45,55,56,66,79,89,90,99,100,116,129,144,146,170,178,202,228,250,270,281,295,317,350,378,398,418,456,466,505,518,544,569,608,625,649,663,701,702,731,774,800,853,890,937,989,1003,1047,1083,1103,1135,1197,1200,1227,1273,1300,1367,1421,1429,1451,1474,1485,1550,1556,1558,1615,1617,1636,1695,1766,1818,1880,1892,1910,1989,2057,2078,2119,2121,2145,2232,2314,2397,2424,2432,2434,2485,2494,2535,
0,0,1,3,5,9,10,14,17,19,28,33,34,36,50,57,59,75,80,89,105,113,120,123,124,149,163,187,192,213,217,236,251,268,272,305,314,325,343,382,410,444,466,475,483,500,505,508,542,584,585,591,617,639,670,681,732,781,782,790,809,861,876,914,970,1009,1071,1097,1099,1150,1210,1255,1260,1306,1365,1380,1415,1488,1507,1560,1608,1619,1651,1674,1752,1789,1836,1859,1937,2006,2043,2105,2170,2222,2314,2319,2324,2341,2428,2521,
0,0,1,3,7,9,10,13,18,19,28,39,44,45,49,61,69,71,76,91,107,122,128,136,139,164,176,178,182,197,215,219,230,235,266,275,298,334,348,362,401,414,428,454,475,483,498,542,546,571,593,597,625,676,720,769,793,811,830,832,854,860,872,888,902,939,979,1037,1061,1086,1136,1151,1182,1229,1270,1325,1331,1359,1416,1428,1446,1489,1542,1605,1651,1668,1740,1792,1831,1897,1986,2076,2088,2111,2115,2131,2175,2206,2260,2333,
0,0,1,4,5,8,13,16,20,29,34,45,51,64,74,81,94,105,113,122,126,143,162,163,165,173,175,184,185,190,205,214,235,242,264,295,328,330,354,355,367,401,427,449,456,468,491,537,565,574,622,651,675,722,768,802,810,825,854,913,917,957,959,962,994,1028,1069,1071,1118,1132,1200,1228,1288,1320,1389,1459,1466,1525,1544,1546,1615,1652,1669,1732,1736,1740,1813,1877,1917,1944,1997,2033,2041,2089,2182,2228,2258,2261,2303,2373,
0,0,1,2,5,8,12,13,19,21,29,32,38,45,50,63,68,77,89,94,106,108,115,125,137,138,145,153,181,186,190,198,201,227,244,277,302,310,314,342,360,364,402,423,430,453,456,486,526,575,583,601,647,672,709,714,753,760,779,807,828,883,886,901,920,945,988,1016,1065,1123,1124,1177,1215,1268,1305,1358,1384,1388,1406,1434,1463,1480,1521,1585,1661,1707,1754,1826,1856,1885,1904,1963,2001,2069,2129,2188,2281,2343,2375,2413,
0,0,2,3,5,7,11,15,20,27,29,40,49,59,62,68,72,86,94,95,102,104,116,127,128,130,154,171,172,185,212,213,222,234,264,299,332,335,344,367,384,408,433,439,473,517,552,595,604,634,652,686,732,736,747,748,782,824,856,912,935,990,1045,1088,1098,1113,1178,1210,1212,1225,1250,1294,1358,1431,1493,1534,1574,1633,1664,1690,1696,1753,1756,1767,1835,1904,1970,1998,2072,2156,2229,2302,2314,2317,2402,2439,2489,2577,2603,2628,
0,0,1,4,5,10,14,15,19,27,33,40,50,54,60,66,69,84,92,100,102,103,112,119,126,132,145,170,195,206,211,220,223,227,258,275,282,308,317,329,341,382,401,422,462,506,522,533,544,557,561,585,594,618,628,669,687,719,755,759,795,842,853,903,965,1014,1020,1055,1117,1137,1140,1195,1211,1216,1225,1226,1289,1336,1399,1428,1502,1555,1604,1679,1733,1766,1818,1847,1910,1942,1953,1987,2047,2093,2096,2114,2153,2231,2276,2365,
0,0,2,4,5,8,10,16,23,32,37,41,43,46,49,58,72,73,76,80,83,97,113,125,138,147,155,168,182,194,198,212,214,215,220,232,258,295,320,354,357,377,384,411,432,449,485,489,511,527,565,616,641,655,677,683,724,776,784,839,854,904,934,991,1018,1072,1137,1152,1159,1210,1235,1275,1303,1367,1441,1449,1517,1532,1581,1653,1693,1765,1830,1844,1845,1907,1976,2056,2124,2209,2262,2319,2346,2347,2426,2473,2481,2496,2578,2600,
0,0,1,4,6,11,14,16,21,23,33,42,45,54,57,62,71,87,103,116,135,136,139,160,167,190,199,225,244,258,278,301,316,321,341,345,364,370,404,436,464,481,511,536,566,574,591,594,617,644,659,668,675,728,744,794,827,877,881,899,900,955,1000,1006,1060,1069,1100,1159,1207,1235,1254,1323,1393,1465,1505,1516,1562,1595,1670,1748,1756,1810,1813,1824,1872,1956,1975,2016,2091,2132,2168,2229,2297,2353,2372,2455,2530,2559,2633,2702,
0,0,1,2,5,6,7,12,19,27,29,38,40,44,47,58,67,68,76,77,88,93,113,114,121,145,147,157,169,175,205,234,241,263,297,303,324,328,343,374,410,444,461,474,491,526,540,562,602,641,666,675,684,701,723,754,786,801,817,862,915,944,960,990,1051,1079,1109,1167,1200,1257,1281,1283,1330,1389,1446,1508,1571,1593,1600,1630,1647,1676,1690,1695,1740,1793,1835,1916,1993,2040,2057,2075,2112,2198,2250,2316,2317,2333,2402,2469,
0,0,1,3,5,10,14,17,19,20,26,31,38,47,52,58,66,75,80,87,97,101,111,112,126,131,148,151,174,190,195,224,251,278,305,313,344,369,397,405,414,441,481,524,555,570,592,639,646,661,686,688,728,775,794,822,827,839,889,904,962,979,1012,1066,1089,1115,1134,1193,1231,1274,1284,1330,1378,1407,1423,1498,1558,1588,1649,1724,1791,1861,1903,1967,2021,2035,2078,2094,2115,2124,2195,2210,2240,2254,2341,2344,2398,2422,2518,2616,
0,0,1,4,5,8,12,16,22,23,29,34,35,44,58,60,69,82,86,90,94,104,111,127,143,161,187,193,215,234,249,264,295,304,331,357,386,403,425,458,471,486,509,515,554,566,569,606,613,658,691,697,702,708,730,737,756,766,776,777,782,814,857,875,877,926,954,974,1007,1075,1128,1143,1149,1164,1169,1197,1203,1238,1295,1368,1416,1464,1515,1588,1654,1714,1718,1723,1782,1797,1862,1895,1910,1942,2026,2055,2100,2141,2170,2180,
0,0,2,4,6,8,9,14,20,28,35,46,56,59,69,80,87,101,115,128,134,153,165,170,177,192,212,238,247,275,299,300,331,356,358,381,413,415,444,461,463,485,495,531,539,566,581,589,613,650,692,705,730,737,751,767,796,839,897,935,947,993,1047,1072,1131,1143,1200,1225,1288,1354,1366,1416,1476,1516,1577,1647,1683,1742,1762,1769,1835,1845,1855,1891,1957,2036,2091,2147,2158,2219,2306,2333,2347,2427,2506,2530,2615,2682,2694,2705,
0,0,1,4,7,11,15,21,22,26,31,40,47,53,62,69,77,92,94,113,114,122,123,132,151,176,185,189,190,207,228,235,242,262,285,297,303,332,360,378,410,413,448,451,471,499,543,585,613,651,664,680,729,757,792,826,879,885,936,990,1034,1078,1106,1115,1146,1165,1223,1275,1324,1340,1351,1373,1415,1475,1513,1534,1576,1616,1642,1681,1682,1694,1752,1772,1786,1842,1928,1967,2043,2109,2155,2205,2217,2289,2374,2401,2443,2481,2490,2543,
0,0,2,5,9,13,16,21,27,34,38,48,54,62,63,76,91,92,101,111,126,131,148,167,180,195,216,242,244,264,281,287,311,314,345,350,368,405,436,452,480,515,528,543,553,576,606,631,637,681,702,709,727,740,766,821,865,920,977,1025,1080,1116,1166,1204,1210,1237,1277,1341,1374,1383,1450,1485,1522,1541,1543,1562,1628,1674,1734,1773,1802,1878,1901,1927,1960,2017,2035,2111,2156,2182,2212,2241,2262,2324,2409,2443,2468,2542,2623,2678,
0,0,2,3,7,8,11,13,14,16,26,30,36,37,43,57,58,60,63,81,99,101,119,128,130,147,158,165,175,186,197,218,225,257,258,272,302,337,373,380,415,438,454,469,472,511,551,569,612,657,693,726,766,787,832,871,897,951,985,1026,1085,1104,1140,1166,1227,1259,1301,1363,1404,1441,1509,1537,1558,1611,1667,1696,1719,1787,1797,1804,1878,1959,1972,1973,2012,2042,2095,2143,2222,2244,2305,2383,2387,2399,2421,2458,2473,2499,2540,2619,
0,0,1,3,6,11,13,18,22,26,33,44,51,63,67,75,77,79,97,107,114,128,137,144,150,172,198,202,220,237,249,277,288,298,327,358,380,395,429,462,479,484,516,542,562,591,603,625,665,699,735,769,798,841,862,905,938,949,968,976,1029,1057,1101,1116,1171,1186,1207,1216,1255,1268,1269,1323,1372,1434,1502,1511,1562,1587,1614,1677,1681,1730,1794,1854,1923,1979,2029,2067,2105,2129,2214,2251,2265,2276,2279,2311,2339,2386,2453,2536,
0,0,1,2,4,5,10,15,18,22,23,29,30,39,43,50,62,64,77,87,88,108,112,125,133,158,169,195,219,243,253,278,300,326,342,375,400,424,435,447,479,504,535,537,561,591,623,663,709,735,754,759,766,783,812,858,911,957,1013,1026,1042,1101,1107,1110,1117,1141,1152,1205,1243,1302,1317,1378,1437,1462,1484,1552,1553,1612,1678,1711,1720,1795,1858,1874,1927,1956,1984,1988,2014,2075,2149,2162,2215,2290,2371,2449,2495,2506,2530,2578,
0,0,2,4,6,9,11,13,20,23,27,33,35,38,52,63,72,85,98,113,122,130,138,157,176,183,207,221,223,249,259,287,305,323,336,352,379,389,394,406,440,444,462,471,512,530,553,594,619,657,691,722,764,806,859,909,958,962,1009,1054,1070,1093,1127,1186,1232,1233,1247,1303,1347,1363,1364,1429,1434,1464,1518,1542,1608,1649,1664,1673,1681,1686,1718,1790,1849,1875,1911,1965,1971,2037,2067,2072,2155,2222,2228,2289,2366,2458,2495,2582,
0,0,2,3,7,10,13,20,24,29,32,34,44,45,53,67,70,85,97,102,112,119,137,150,157,176,194,210,233,241,260,270,273,281,282,297,316,334,352,375,378,387,422,460,498,527,543,559,586,607,617,633,642,658,674,699,734,760,773,832,839,842,874,900,956,1003,1011,1013,1018,1059,1128,1199,1262,1310,1331,1362,1428,1479,1502,1542,1544,1608,1644,1670,1715,1771,1854,1910,1965,1980,1996,1997,2008,2019,2079,2161,2209,2270,2341,2383,
0,0,1,4,7,9,12,13,21,23,33,40,43,46,56,61,72,83,89,94,114,131,153,173,196,209,212,216,234,241,270,295,315,345,353,361,363,376,383,406,434,442,481,507,526,545,561,584,609,643,688,699,707,739,764,796,826,868,877,886,944,999,1044,1092,1116,1148,1179,1211,1258,1291,1295,1305,1355,1416,1434,1489,1555,1566,1632,1690,1731,1748,1793,1814,1878,1943,1992,2003,2074,2132,2172,2246,2266,2319,2371,2380,2445,2527,2595,2656,
0,0,1,3,4,6,12,14,22,29,38,48,54,58,61,73,78,89,99,108,112,127,148,166,186,200,220,237,251,261,262,284,290,305,312,320,348,382,397,431,462,500,527,560,568,585,610,653,679,714,740,757,804,827,870,908,949,976,1002,1058,1081,1100,1142,1168,1190,1232,1261,1316,1376,1417,1448,1510,1567,1635,1639,1691,1759,1786,1844,1874,1943,2010,2041,2088,2109,2115,2166,2208,2214,2256,2262,2291,2363,2383,2397,2423,2435,2460,2514,2575,
0,0,2,5,6,11,12,17,20,21,30,38,48,56,66,75,82,91,96,103,115,131,142,145,152,158,169,196,209,236,253,259,261,275,276,302,303,327,356,387,406,435,460,503,542,570,612,624,646,688,726,747,751,775,786,795,819,842,859,886,929,973,976,1026,1077,1079,1134,1170,1208,1250,1252,1296,1309,1350,1400,1411,1417,1427,1487,1537,1564,1567,1646,1654,1681,1753,1783,1864,1924,1975,2033,2036,2038,2127,2161,2166,2218,2281,2287,2314,
0,0,2,4,8,13,15,21,27,35,37,47,50,60,68,82,96,104,114,126,135,151,162,172,194,199,222,229,255,274,280,299,328,330,349,370,386,406,411,429,462,503,536,552,589,625,629,640,662,709,743,770,800,811,828,867,922,943,994,1027,1040,1079,1090,1120,1147,1181,1245,1303,1369,1412,1417,1423,1426,1475,1496,1497,1546,1618,1662,1731,1753,1785,1803,1819,1890,1938,1988,2040,2043,2081,2147,2190,2237,2322,2367,2416,2507,2565,2630,2651,
0,0,2,4,7,10,12,19,23,31,32,39,40,42,49,52,62,66,76,78,87,93,113,130,137,138,149,151,168,171,197,206,234,240,266,280,290,318,347,386,402,442,462,492,534,572,589,593,640,647,660,669,712,718,750,757,778,813,847,882,924,952,970,1002,1050,1082,1084,1106,1110,1155,1224,1252,1322,1344,1387,1396,1459,1511,1571,1587,1616,1656,1735,1791,1844,1858,1922,1988,2006,2068,2109,2197,2225,2285,2365,2391,2466,2550,2643,2691,
0,0,2,5,7,10,11,16,21,29,35,44,54,66,71,83,85,90,102,103,116,134,140,143,163,185,207,217,236,243,244,266,275,284,307,323,333,366,368,375,394,419,445,451,461,480,505,532,546,572,598,602,615,627,665,698,732,788,835,871,898,938,951,999,1050,1075,1120,1127,1153,1221,1264,1334,1372,1378,1391,1397,1441,1499,1526,1589,1612,1672,1721,1780,1791,1848,1873,1946,2015,2072,2104,2117,2153,2192,2265,2313,2359,2445,2476,2575,
0,0,1,4,8,11,17,22,30,35,42,47,54,55,57,65,81,89,106,122,140,141,154,159,176,192,208,222,231,258,287,296,299,312,326,359,376,380,388,416,445,455,459,498,530,562,587,589,627,643,672,700,744,765,799,843,863,885,907,936,970,999,1030,1073,1096,1160,1173,1220,1267,1288,1304,1372,1394,1458,1502,1542,1558,1627,1641,1651,1731,1790,1849,1850,1876,1906,1987,2007,2054,2057,2144,2204,2211,2260,2322,2334,2393,2479,2574,2654,
0,0,2,5,9,13,17,21,29,34,35,43,47,54,67,72,76,86,90,105,125,129,148,164,174,183,185,187,195,208,212,216,248,262,296,323,357,360,391,426,462,483,519,536,540,548,552,574,586,588,631,669,671,676,688,693,710,755,794,817,847,857,863,925,986,1017,1081,1137,1157,1224,1246,1282,1330,1381,1425,1468,1470,1511,1519,1541,1547,1607,1677,1754,1799,1823,1830,1882,1944,2014,2019,2044,2049,2135,2179,2205,2290,2352,2356,2429,
0,0,2,4,8,11,16,22,23,30,35,41,47,50,59,70,81,97,106,107,111,121,137,148,158,159,171,186,212,236,248,273,287,291,320,345,374,398,410,440,478,499,513,553,562,606,647,693,729,777,799,802,815,865,907,950,981,1024,1044,1095,1116,1164,1189,1206,1252,1278,1341,1380,1423,1484,1496,1549,1607,1622,1674,1698,1762,1764,1829,1870,1881,1940,2013,2089,2162,2209,2266,2285,2362,2402,2475,2505,2594,2674,2745,2820,2839,2844,2931,3007,
0,0,1,2,5,10,14,16,21,22,32,35,36,40,49,50,66,72,86,88,107,126,144,156,162,187,204,210,228,254,277,303,304,336,342,353,379,392,423,455,480,507,508,514,532,576,616,645,664,691,698,712,720,738,754,800,834,861,912,926,932,937,965,990,1037,1062,1069,1109,1174,1242,1266,1328,1341,1354,1376,1383,1406,1419,1480,1510,1541,1562,1600,1647,1719,1725,1739,1777,1820,1882,1972,2025,2033,2073,2120,2181,2217,2231,2246,2247,
0,0,1,2,4,9,12,13,21,22,31,38,48,57,61,66,78,86,103,106,121,130,151,173,194,201,207,210,228,254,261,278,306,333,367,384,388,418,452,464,502,513,554,569,602,613,640,674,711,759,779,820,827,878,916,943,990,1007,1034,1069,1115,1162,1193,1224,1284,1316,1355,1401,1441,1478,1485,1556,1558,1596,1661,1734,1763,1826,1887,1941,2021,2032,2053,2066,2131,2152,2185,2211,2251,2271,2287,2340,2392,2472,2477,2541,2630,2662,2746,2794,
0,0,1,2,5,6,12,18,26,32,33,37,40,50,60,66,75,88,92,94,109,116,118,129,132,148,172,186,212,239,255,260,278,310,326,353,372,409,435,441,458,495,536,541,578,582,590,598,631,666,696,712,732,769,782,783,815,865,877,905,949,982,995,1047,1057,1060,1078,1127,1157,1167,1215,1226,1284,1348,1383,1416,1491,1493,1517,1527,1530,1536,1590,1602,1669,1735,1787,1823,1865,1942,1947,2034,2086,2132,2188,2191,2260,2273,2344,2425,
0,0,2,3,4,6,12,14,16,25,35,36,48,51,54,58,61,75,89,96,100,116,126,137,154,161,176,198,219,248,272,289,303,304,317,332,358,383,403,429,430,464,502,521,529,539,575,616,646,676,695,728,776,791,836,862,913,941,972,1029,1088,1149,1195,1257,1263,1282,1339,1353,1364,1365,1431,1450,1473,1533,1589,1607,1650,1679,1702,1775,1783,1847,1884,1949,1962,2034,2060,2129,2217,2218,2281,2352,2375,2393,2482,2525,2552,2593,2667,2732,
0,0,2,3,4,7,13,14,20,21,22,25,31,36,49,50,52,61,71,88,96,106,112,128,130,151,175,197,206,223,229,232,263,279,295,316,338,342,361,392,430,471,477,489,500,536,578,591,639,649,671,709,750,767,773,785,803,860,866,912,935,956,997,1009,1065,1101,1123,1183,1212,1228,1294,1336,1366,1433,1497,1540,1562,1620,1636,1657,1735,1809,1841,1854,1869,1947,2023,2071,2132,2218,2272,2363,2437,2529,2603,2612,2695,2780,2873,2945,
0,0,1,4,6,10,12,16,19,21,31,36,37,42,53,68,72,86,97,107,122,124,142,165,173,182,185,188,203,217,218,233,256,276,308,329,361,367,379,415,422,450,467,475,482,523,567,601,625,656,697,710,734,781,782,791,835,869,904,925,971,988,1020,1046,1049,1086,1101,1106,1158,1215,1221,1287,1305,1337,1373,1393,1423,1438,1453,1519,1561,1583,1616,1633,1634,1652,1679,1728,1755,1783,1832,1893,1954,2019,2100,2190,2234,2300,2301,2360,
0,0,2,3,5,9,15,18,19,27,37,40,50,58,69,78,80,88,100,113,130,141,155,172,187,204,215,233,247,267,270,272,277,290,305,338,363,386,414,451,478,479,506,531,537,551,577,578,620,631,638,679,718,732,777,791,844,895,950,993,995,1023,1062,1073,1131,1188,1249,1269,1320,1329,1366,1373,1407,1462,1510,1561,1603,1644,1709,1716,1779,1822,1882,1953,2022,2097,2161,2216,2220,2257,2273,2335,2418,2458,2540,2553,2555,2628,2635,2720,
0,0,2,3,7,11,15,16,19,28,32,43,53,56,64,79,88,91,94,97,105,108,127,133,143,155,173,191,202,217,247,273,274,293,325,359,385,413,442,455,472,500,503,523,548,583,629,650,683,708,727,747,797,821,827,876,905,954,1003,1055,1067,1097,1119,1145,1173,1222,1261,1270,1295,1341,1369,1378,1449,1487,1528,1602,1620,1692,1747,1805,1870,1913,1979,2055,2095,2152,2191,2197,2241,2259,2314,2368,2455,2471,2559,2593,2685,2740,2818,2907,
0,0,2,3,6,10,14,16,22,28,33,37,45,51,60,62,76,93,100,105,110,130,135,136,150,161,173,189,196,225,252,282,309,322,327,334,346,364,384,396,419,420,434,445,480,522,558,603,640,671,699,728,736,744,750,760,792,823,865,900,913,920,949,1005,1043,1047,1108,1175,1235,1236,1239,1276,1346,1381,1402,1403,1459,1465,1502,1567,1628,1664,1723,1734,1787,1866,1898,1922,1998,2058,2071,2140,2148,2206,2227,2286,2365,2452,2458,2487,
0,0,1,2,5,8,13,14,16,23,28,33,38,48,50,63,71,83,87,89,95,110,113,122,141,156,166,188,197,206,230,259,264,275,284,301,320,338,357,382,395,400,403,424,441,472,518,545,561,599,615,651,680,693,738,757,810,825,855,890,947,1001,1020,1056,1099,1141,1162,1175,1221,1261,1286,1351,1375,1405,1433,1448,1473,1500,1528,1562,1640,1712,1760,1793,1844,1857,1867,1910,1942,1954,1986,2065,2110,2151,2241,2278,2304,2380,2461,2536,
0,0,2,3,7,12,18,24,25,32,39,50,58,60,71,80,91,94,98,114,119,133,136,138,154,172,178,204,212,226,256,273,288,307,318,336,350,385,392,394,419,423,433,463,478,480,507,547,574,621,656,671,723,756,759,797,845,882,909,940,984,1029,1083,1098,1157,1190,1229,1243,1264,1297,1359,1363,1383,1395,1467,1527,1543,1559,1560,1604,1679,1700,1710,1774,1846,1887,1919,1943,1944,2030,2104,2148,2237,2328,2337,2379,2449,2473,2529,2532,
0,0,2,3,7,8,12,15,23,26,32,35,44,52,58,72,76,91,99,101,107,125,138,144,168,184,196,215,230,255,272,303,328,343,347,349,372,392,397,412,425,462,499,536,552,578,593,610,615,640,674,675,718,768,781,828,833,885,931,955,966,984,991,1052,1108,1113,1121,1186,1192,1216,1233,1248,1261,1266,1334,1385,1443,1460,1498,1502,1529,1570,1633,1656,1725,1784,1787,1836,1908,1990,2064,2134,2204,2224,2281,2376,2439,2534,2568,2646,
0,0,2,5,6,9,11,18,24,31,38,49,57,58,60,71,86,87,101,102,110,113,128,138,161,174,196,202,225,230,260,284,288,297,303,330,337,343,347,385,404,434,469,492,533,561,585,616,654,690,737,776,784,828,861,877,887,890,913,949,979,1014,1022,1080,1089,1104,1150,1203,1223,1272,1324,1372,1432,1442,1514,1584,1631,1672,1729,1731,1769,1841,1866,1948,1968,2035,2073,2155,2196,2223,2254,2343,2358,2387,2397,2484,2566,2636,2682,2764,
0,0,2,4,7,9,15,16,18,26,31,37,40,47,59,71,82,91,93,98,104,117,123,141,149,168,187,196,199,224,244,272,277,303,309,318,328,343,344,373,399,427,444,446,452,473,506,541,566,569,571,580,591,621,623,651,663,706,710,716,775,832,882,911,970,1002,1018,1072,1124,1158,1205,1250,1311,1333,1368,1410,1469,1499,1525,1531,1597,1644,1670,1680,1684,1761,1837,1923,1930,1974,2058,2064,2100,2112,2154,2183,2214,2215,2238,2307,
0,0,1,2,4,5,6,7,13,17,18,25,32,45,58,59,73,89,103,111,116,130,150,167,189,214,229,251,253,265,293,308,324,343,356,369,381,412,435,447,465,497,512,518,551,596,640,660,686,687,694,707,757,783,797,852,877,880,908,955,1013,1026,1053,1092,1124,1127,1161,1164,1190,1220,1232,1251,1275,1317,1341,1409,1466,1532,1591,1627,1668,1738,1818,1833,1891,1952,1961,2024,2106,2153,2160,2164,2241,2313,2377,2433,2501,2541,2598,2652,
0,0,2,4,7,11,13,15,16,21,25,32,35,37,50,61,68,70,82,86,91,92,114,127,140,144,162,166,180,208,213,229,247,272,293,309,327,340,360,380,410,443,454,478,503,526,537,565,567,568,573,612,617,659,670,711,765,807,865,884,944,980,1018,1074,1095,1131,1153,1215,1272,1279,1316,1327,1376,1422,1431,1469,1512,1534,1584,1625,1693,1755,1798,1819,1867,1913,1969,1971,2025,2060,2086,2150,2240,2251,2340,2402,2431,2458,2478,2542,
0,0,1,2,6,7,13,20,27,30,36,44,53,57,66,71,80,95,96,108,128,137,153,162,170,186,203,221,223,235,260,273,292,297,315,336,350,362,379,401,414,441,452,492,502,539,553,558,590,639,674,678,716,737,763,767,779,791,835,869,902,958,1015,1047,1100,1130,1134,1195,1244,1292,1324,1391,1457,1526,1543,1606,1634,1703,1748,1769,1805,1860,1903,1953,2010,2074,2115,2168,2176,2188,2202,2251,2284,2295,2310,2369,2417,2431,2448,2493,
0,0,1,3,4,7,13,15,19,28,37,43,49,50,55,67,72,87,89,107,120,141,145,149,150,165,175,183,193,210,231,258,268,282,308,329,338,366,375,385,396,412,453,460,462,501,536,578,610,617,655,692,716,765,816,844,849,865,868,919,927,964,1005,1057,1088,1118,1122,1188,1190,1257,1326,1346,1411,1474,1528,1562,1596,1638,1666,1704,1778,1807,1859,1874,1883,1897,1976,2055,2085,2127,2164,2202,2248,2317,2411,2429,2489,2567,2568,2649,
0,0,2,5,7,11,15,19,27,29,39,42,47,59,71,86,94,101,106,117,122,124,131,136,142,157,163,168,192,209,210,214,243,245,252,266,296,327,358,381,393,401,416,452,457,502,510,521,546,548,570,614,666,718,745,782,804,843,882,911,967,1008,1011,1051,1094,1097,1106,1167,1214,1219,1268,1283,1338,1359,1402,1425,1490,1566,1583,1644,1680,1757,1825,1872,1910,1941,2016,2101,2150,2223,2257,2265,2349,2356,2399,2402,2493,2499,2508,2596,
0,0,2,4,6,10,16,19,22,26,31,41,44,56,58,64,71,87,90,98,116,130,138,148,168,172,195,198,222,250,267,283,297,319,348,372,385,391,415,432,450,473,502,513,545,569,571,574,578,620,627,661,700,747,765,806,810,825,850,884,916,935,994,996,1038,1054,1057,1060,1128,1133,1156,1208,1240,1311,1365,1425,1445,1520,1555,1601,1634,1679,1682,1757,1840,1890,1897,1976,2043,2112,2173,2214,2290,2381,2386,2479,2559,2632,2721,2780,
0,0,1,4,7,11,13,14,21,26,31,33,40,45,53,57,73,90,107,115,125,145,154,170,190,196,218,225,250,269,295,318,325,331,364,373,402,437,465,502,520,527,562,595,607,652,689,704,732,755,775,781,814,829,830,871,895,944,946,994,1015,1065,1124,1153,1157,1192,1211,1273,1285,1331,1349,1398,1446,1513,1584,1656,1717,1727,1770,1771,1806,1827,1908,1946,1949,2034,2118,2205,2235,2316,2394,2455,2475,2549,2620,2657,2695,2711,2795,2848,
0,0,2,3,4,5,7,8,14,16,20,21,28,40,48,54,59,61,72,77,85,99,116,129,141,146,170,180,192,220,228,232,234,265,268,290,310,313,338,343,364,372,376,415,427,437,469,501,545,556,598,599,638,674,681,723,727,735,736,777,832,883,901,955,964,1011,1075,1098,1116,1134,1160,1229,1253,1255,1280,1331,1406,1453,1471,1516,1522,1548,1565,1568,1599,1662,1748,1772,1825,1908,1924,1965,1996,2024,2041,2053,2121,2189,2286,2299,
0,0,1,2,3,5,10,15,18,24,33,39,50,51,55,58,62,66,67,68,70,83,89,106,117,119,138,150,164,184,211,226,231,255,288,293,303,313,335,346,377,397,423,424,440,443,475,486,529,545,590,611,652,699,707,724,754,789,832,864,892,917,945,962,969,998,1063,1129,1191,1249,1312,1314,1385,1411,1450,1482,1526,1543,1613,1672,1704,1778,1826,1849,1897,1956,2021,2054,2080,2093,2149,2186,2260,2290,2339,2422,2451,2521,2527,2594,
0,0,1,2,6,9,15,22,26,30,31,40,52,65,74,75,76,79,96,100,110,116,127,136,153,164,187,206,216,229,248,272,274,281,311,325,357,392,429,448,461,466,503,544,567,611,618,619,653,702,715,722,773,817,825,854,889,925,948,1002,1031,1080,1139,1147,1170,1197,1229,1238,1246,1266,1279,1347,1371,1418,1489,1542,1605,1625,1626,1669,1689,1696,1766,1769,1849,1885,1898,1977,2003,2027,2105,2130,2221,2313,2375,2388,2403,2486,2558,2581,
0,0,1,3,4,7,11,16,21,22,26,35,42,43,45,59,60,61,66,78,82,88,104,107,110,130,134,147,157,158,172,186,206,224,232,249,256,259,288,308,338,366,406,432,475,488,517,518,533,574,599,641,672,682,702,739,748,773,782,824,860,898,908,957,973,1029,1050,1096,1144,1159,1225,1229,1268,1322,1383,1421,1440,1462,1498,1512,1550,1599,1614,1640,1694,1696,1746,1808,1869,1943,1946,1948,2038,2070,2137,2217,2284,2322,2396,2462,
0,0,1,2,4,5,6,13,17,21,26,27,31,36,37,50,66,70,78,85,102,109,127,147,166,190,200,220,227,240,252,269,298,302,305,306,332,339,346,364,397,434,456,497,524,541,564,599,619,655,676,720,760,766,784,823,846,877,878,886,896,948,964,1001,1026,1074,1132,1191,1208,1230,1289,1345,1350,1376,1429,1468,1539,1575,1612,1688,1745,1811,1856,1935,2015,2047,2058,2132,2191,2245,2300,2367,2407,2421,2498,2545,2549,2573,2654,2701,
0,0,2,3,4,5,11,16,24,29,32,38,47,56,70,83,85,97,108,124,142,143,155,160,173,188,189,207,233,257,260,288,312,339,361,365,395,432,456,470,475,509,515,533,561,606,633,667,684,730,771,813,861,888,916,957,1010,1063,1073,1079,1123,1130,1184,1222,1239,1279,1309,1317,1340,1395,1448,1507,1562,1626,1649,1650,1670,1708,1711,1764,1836,1892,1916,1991,2017,2078,2134,2202,2260,2296,2383,2438,2450,2489,2530,2548,2605,2646,2691,2732,
0,0,1,2,4,6,12,17,20,23,27,33,41,48,50,51,64,75,84,102,112,121,138,144,163,186,197,212,225,241,252,256,261,284,288,322,354,358,375,407,413,450,489,495,531,569,615,626,667,710,758,759,780,808,860,907,923,970,1009,1015,1059,1091,1113,1123,1170,1171,1197,1260,1326,1350,1420,1448,1462,1516,1567,1570,1631,1700,1723,1766,1807,1829,1881,1963,1984,2040,2085,2117,2170,2179,2224,2250,2326,2353,2439,2528,2617,2641,2690,2725,
0,0,1,3,7,8,11,18,21,27,34,42,43,45,51,56,72,80,92,100,104,110,111,126,147,172,184,194,202,209,210,224,228,247,259,291,318,338,346,367,403,413,424,455,495,532,538,539,548,585,606,647,688,735,788,811,867,898,945,969,1006,1056,1097,1143,1158,1207,1231,1279,1318,1353,1386,1402,1430,1485,1507,1570,1573,1642,1680,1743,1772,1826,1834,1893,1945,2011,2051,2113,2128,2170,2245,2271,2284,2303,2316,2330,2363,2392,2474,2516,
0,0,1,4,6,10,12,18,20,28,35,40,52,53,60,73,80,97,104,120,129,144,148,168,183,204,217,230,237,250,262,271,275,276,292,306,316,319,322,350,388,404,415,442,479,490,532,560,574,582,626,672,674,710,742,776,805,850,889,945,967,996,1058,1069,1096,1120,1182,1185,1234,1248,1314,1353,1366,1415,1438,1506,1517,1584,1649,1704,1765,1832,1839,1914,1971,2039,2116,2193,2211,2239,2240,2328,2418,2460,2528,2594,2645,2674,2742,2769,
0,0,2,5,7,9,12,13,15,21,23,30,37,50,57,67,71,85,97,116,132,137,150,161,183,193,207,230,241,268,272,286,291,298,318,330,361,370,379,402,413,425,431,441,448,450,462,470,515,519,549,563,606,629,656,675,727,728,783,822,837,869,883,941,967,994,1008,1035,1093,1134,1174,1203,1233,1237,1241,1245,1278,1300,1367,1392,1420,1445,1520,1564,1607,1682,1740,1800,1840,1852,1888,1928,2017,2040,2087,2129,2158,2199,2297,2374,
0,0,1,3,5,7,10,14,18,25,34,37,41,51,64,72,73,77,89,95,112,126,147,166,171,193,204,217,233,257,272,282,292,323,336,363,388,413,433,439,449,477,506,517,534,546,587,597,640,673,689,711,737,739,761,773,808,823,840,869,901,911,912,962,997,1056,1066,1129,1147,1216,1273,1334,1396,1397,1414,1423,1484,1509,1539,1585,1656,1694,1747,1756,1827,1832,1862,1905,1959,1967,1996,2022,2103,2124,2189,2220,2314,2391,2482,2576,
0,0,1,2,4,8,14,16,22,30,36,40,52,65,70,77,82,94,108,124,126,143,155,170,185,201,202,211,226,238,243,269,295,298,299,316,352,354,355,356,376,409,447,469,470,482,508,539,545,554,562,600,620,636,637,664,710,760,794,824,847,875,914,946,952,983,1038,1081,1082,1087,1133,1163,1174,1196,1264,1307,1330,1333,1344,1407,1409,1453,1477,1479,1548,1571,1618,1641,1677,1762,1773,1813,1848,1873,1957,2036,2104,2167,2238,2241,
0,0,1,2,3,6,10,16,23,24,26,33,42,50,64,68,79,84,90,106,108,109,121,131,149,157,162,173,201,223,236,252,275,307,319,339,369,388,406,409,432,446,447,468,504,546,552,583,628,677,723,742,758,770,796,818,857,877,884,908,922,956,1003,1046,1059,1070,1130,1180,1224,1237,1283,1326,1366,1391,1395,1398,1423,1453,1482,1520,1547,1575,1603,1623,1685,1725,1797,1869,1914,1934,1980,2064,2088,2154,2165,2194,2253,2320,2331,2411,
0,0,1,3,7,9,14,15,16,17,24,34,37,47,60,72,86,98,100,101,107,114,120,121,131,148,157,171,188,207,233,235,248,272,291,303,319,321,341,359,378,388,393,399,422,438,440,445,468,502,507,530,574,626,639,691,715,763,820,868,908,956,999,1057,1099,1122,1128,1173,1176,1240,1279,1299,1356,1416,1488,1556,1567,1631,1646,1649,1715,1721,1784,1819,1895,1903,1918,1972,2046,2095,2163,2233,2258,2321,2366,2415,2486,2558,2618,2698,
0,0,1,4,8,11,13,18,24,30,33,40,43,52,53,57,63,72,74,76,82,96,116,135,156,172,190,198,202,220,238,242,268,281,282,292,325,359,394,424,445,470,482,494,524,565,585,594,598,609,637,660,672,718,731,756,810,817,855,857,873,874,928,955,966,987,1019,1052,1069,1103,1106,1140,1187,1252,1258,1278,1348,1356,1416,1464,1498,1570,1643,1669,1699,1729,1763,1799,1841,1845,1934,2005,2089,2171,2220,2307,2376,2422,2491,2498,
0,0,2,5,8,10,13,16,18,26,34,38,50,57,58,68,70,71,77,82,89,97,110,131,140,141,155,169,186,210,228,259,279,287,308,342,364,392,412,435,440,471,484,525,568,606,647,648,665,668,680,693,738,741,789,841,863,917,923,982,1010,1064,1108,1128,1159,1208,1273,1294,1356,1410,1450,1482,1492,1544,1577,1614,1671,1736,1809,1812,1878,1931,1994,2040,2096,2114,2200,2202,2213,2251,2331,2376,2456,2484,2549,2582,2665,2666,2672,2699,
0,0,2,4,8,12,18,22,25,26,34,45,47,48,53,67,71,72,90,103,118,136,139,140,155,178,179,198,199,217,237,239,264,277,300,315,337,356,378,380,393,405,422,450,484,508,543,576,619,634,667,713,741,779,800,847,887,918,943,960,980,988,1024,1068,1090,1126,1171,1211,1224,1230,1259,1308,1368,1432,1443,1481,1499,1548,1577,1630,1650,1718,1721,1800,1859,1879,1902,1912,1998,2027,2043,2110,2166,2225,2243,2273,2361,2409,2414,2466,
0,0,1,2,6,11,17,24,29,36,45,54,60,73,87,100,116,123,132,140,144,147,165,177,178,179,205,212,223,240,245,253,265,288,291,300,306,313,330,341,359,384,400,434,478,480,513,555,572,602,646,696,748,776,827,829,835,884,894,909,921,940,959,960,1015,1048,1081,1123,1133,1175,1244,1252,1313,1380,1394,1452,1524,1528,1550,1566,1579,1583,1662,1693,1732,1814,1818,1899,1977,1984,2074,2163,2199,2226,2250,2319,2325,2392,2445,2473,
0,0,2,3,6,11,14,18,23,27,29,31,35,43,45,58,60,64,77,96,106,113,125,135,148,153,154,179,193,211,241,243,249,258,275,298,321,331,341,346,351,353,365,375,393,418,463,509,530,561,592,610,613,660,663,673,688,690,715,744,749,772,795,844,895,901,932,952,996,1001,1018,1035,1049,1060,1071,1141,1207,1233,1243,1246,1293,1333,1338,1364,1394,1446,1469,1515,1554,1623,1647,1648,1678,1729,1734,1797,1824,1890,1976,2063,
0,0,2,3,6,7,13,17,18,26,31,38,48,54,66,80,96,100,103,112,123,140,160,178,179,185,210,212,227,246,272,292,323,327,343,375,411,422,458,482,510,548,550,560,566,579,600,632,649,694,731,757,787,828,873,909,934,978,987,999,1051,1080,1130,1174,1192,1213,1215,1252,1317,1320,1382,1437,1441,1447,1506,1521,1549,1608,1644,1669,1692,1704,1725,1772,1775,1778,1803,1811,1883,1917,1925,1962,2000,2060,2123,2178,2256,2271,2287,2299,
0,0,2,5,8,10,13,18,19,26,27,32,41,45,49,64,80,85,87,104,115,136,154,157,158,183,194,216,239,257,268,295,320,341,359,371,398,429,433,463,483,484,514,529,549,566,589,619,625,654,684,700,740,741,770,804,828,845,883,919,944,951,967,978,1016,1050,1095,1152,1164,1180,1233,1259,1297,1317,1354,1381,1419,1474,1487,1563,1605,1637,1703,1776,1839,1863,1875,1927,1933,1996,2006,2092,2144,2166,2171,2246,2331,2405,2491,2546,
0,0,1,4,5,7,12,16,24,33,38,48,52,54,56,70,80,91,105,119,129,131,141,145,148,161,187,191,215,223,225,246,254,264,273,285,308,314,350,384,401,434,467,468,512,540,555,577,604,630,665,675,720,722,770,808,852,884,928,960,971,1004,1044,1080,1084,1140,1152,1165,1188,1251,1257,1259,1320,1329,1369,1405,1417,1466,1477,1519,1596,1616,1637,1697,1738,1750,1794,1864,1900,1909,1938,1989,2072,2081,2142,2190,2278,2364,2374,2428,
0,0,2,5,7,12,18,19,26,29,37,48,49,50,61,63,64,80,95,110,122,124,136,142,153,157,173,181,188,198,221,237,264,271,272,276,277,293,298,327,345,374,385,387,405,439,448,483,505,550,597,629,652,674,713,729,761,772,820,871,904,909,942,1003,1067,1098,1132,1198,1235,1253,1306,1344,1379,1387,1447,1477,1529,1563,1633,1671,1708,1751,1772,1781,1796,1862,1943,1950,1972,1989,2060,2075,2119,2204,2284,2349,2419,2506,2510,2546,
0,0,2,4,7,11,17,22,27,34,35,42,52,60,70,71,84,96,99,106,107,121,140,148,151,169,179,192,194,203,221,230,256,269,302,318,330,355,391,412,450,454,463,496,500,512,527,556,562,582,611,623,643,649,655,664,716,752,766,773,822,864,865,897,901,908,922,983,992,999,1018,1057,1097,1123,1189,1202,1265,1317,1326,1385,1419,1493,1566,1634,1687,1690,1719,1791,1865,1889,1964,1967,2008,2029,2060,2089,2174,2222,2276,2334,
0,0,2,5,8,12,18,19,26,31,32,42,53,62,67,73,86,98,104,107,111,129,147,168,182,196,205,224,237,243,257,275,297,313,339,352,357,375,392,413,453,475,476,491,523,552,574,617,623,650,674,698,727,752,773,827,857,911,944,983,1034,1039,1079,1137,1180,1232,1292,1354,1421,1424,1483,1488,1522,1559,1599,1650,1686,1749,1761,1821,1893,1956,1967,2001,2084,2091,2141,2159,2246,2306,2338,2410,2438,2492,2525,2578,2646,2687,2701,2735,
0,0,1,3,5,6,11,12,15,19,20,26,35,39,43,55,71,79,95,105,109,124,143,158,173,184,192,208,215,231,246,262,267,294,301,321,323,343,359,391,392,427,453,482,500,528,532,566,585,597,643,692,739,768,798,810,816,825,881,902,922,966,978,1020,1034,1083,1121,1140,1200,1235,1298,1315,1367,1394,1460,1534,1607,1653,1669,1670,1671,1710,1712,1758,1773,1798,1872,1908,1940,1971,2049,2125,2137,2143,2156,2227,2285,2338,2404,2425,
0,0,1,2,3,6,12,18,19,21,29,37,39,51,61,74,78,84,99,116,128,141,159,181,201,222,233,257,267,282,300,310,339,347,353,371,372,399,400,436,441,471,490,521,524,565,603,615,639,657,660,707,720,765,766,816,857,870,924,960,966,1014,1069,1090,1116,1157,1164,1189,1209,1230,1265,1281,1284,1345,1375,1441,1491,1525,1582,1618,1697,1731,1767,1774,1792,1831,1839,1860,1936,1955,1979,2035,2066,2126,2133,2196,2230,2293,2370,2432,
0,0,1,4,7,11,16,17,18,24,29,36,42,46,47,52,62,74,84,98,101,110,111,114,122,134,158,164,170,191,199,225,247,269,295,304,320,356,373,405,411,429,468,491,512,519,563,597,600,613,632,642,683,705,725,733,768,792,793,811,845,874,906,952,969,1021,1032,1049,1108,1115,1167,1207,1241,1244,1314,1342,1349,1388,1424,1489,1536,1613,1675,1749,1824,1905,1925,2010,2011,2076,2159,2201,2202,2213,2301,2350,2361,2380,2440,2501,
0,0,1,4,6,7,11,15,23,24,26,28,33,41,48,62,64,69,79,91,111,112,129,133,137,155,174,188,195,206,211,235,243,265,288,294,315,344,364,375,393,394,395,404,420,427,431,470,483,509,543,577,592,595,600,604,635,645,658,672,679,725,782,830,852,914,921,929,964,976,996,1061,1110,1119,1130,1164,1172,1197,1212,1228,1279,1309,1329,1402,1439,1466,1524,1585,1645,1669,1758,1767,1812,1840,1884,1957,1963,2034,2104,2117,
0,0,1,3,5,10,11,16,20,28,30,34,36,44,57,71,73,82,95,114,124,140,149,159,160,173,179,197,215,239,246,273,301,327,351,367,370,377,401,439,442,453,480,511,542,554,582,609,654,679,693,730,767,770,790,801,848,861,897,931,942,943,1003,1024,1086,1140,1163,1175,1190,1225,1287,1352,1366,1399,1464,1525,1561,1565,1593,1595,1648,1653,1713,1787,1860,1861,1945,1954,2034,2121,2134,2160,2229,2254,2271,2349,2379,2445,2520,2578,
0,0,2,5,7,9,15,16,19,27,34,42,49,61,75,89,97,107,114,118,125,132,143,166,170,187,194,211,231,243,244,256,282,313,323,325,327,339,370,400,405,436,453,482,525,556,585,614,662,664,679,716,766,808,827,861,889,911,968,1004,1030,1038,1040,1071,1105,1123,1158,1213,1267,1314,1333,1400,1414,1436,1478,1507,1577,1580,1643,1650,1711,1727,1779,1811,1840,1892,1974,2053,2126,2201,2229,2261,2344,2364,2441,2483,2501,2529,2607,2649,
0,0,2,3,7,8,9,12,15,17,24,25,36,47,54,68,71,77,80,96,113,120,136,146,164,175,193,200,212,215,245,265,295,317,324,340,358,393,422,446,465,501,518,545,577,603,643,669,684,687,695,740,788,828,855,905,959,1001,1035,1042,1087,1109,1168,1183,1207,1250,1297,1338,1350,1358,1392,1443,1452,1513,1551,1589,1594,1597,1663,1685,1726,1752,1796,1798,1866,1871,1891,1934,1957,1984,2042,2054,2121,2122,2174,2256,2298,2384,2464,2550,
0,0,1,2,5,6,12,13,21,25,29,40,48,60,62,76,87,90,92,95,99,107,115,128,141,148,167,183,200,220,250,268,292,325,335,367,380,408,425,427,449,451,493,522,555,587,599,616,664,673,714,751,777,801,805,821,825,878,886,929,954,979,1001,1014,1072,1118,1172,1205,1238,1295,1302,1327,1341,1390,1429,1435,1452,1517,1552,1595,1598,1622,1688,1721,1729,1766,1801,1846,1917,1965,1986,2073,2116,2131,2176,2202,2235,2319,2377,2401,
0,0,2,5,7,12,16,21,27,33,40,49,50,60,69,75,85,92,105,121,123,138,157,169,173,175,178,187,200,204,232,242,265,290,307,320,337,352,355,370,410,444,456,464,474,476,506,534,567,607,647,663,685,688,727,758,795,838,885,895,922,980,1004,1050,1086,1119,1151,1215,1222,1247,1297,1345,1362,1368,1421,1452,1458,1468,1527,1602,1655,1725,1726,1762,1838,1854,1925,1947,1993,2002,2091,2111,2166,2230,2255,2322,2348,2418,2470,2552,
0,0,2,5,9,12,13,19,21,22,30,32,39,43,44,56,70,81,82,98,106,119,132,150,174,179,192,197,200,208,228,235,255,269,296,317,324,348,357,389,391,409,419,457,492,495,503,510,556,605,637,680,714,763,771,788,793,840,891,899,915,975,1006,1046,1107,1112,1164,1165,1231,1284,1330,1357,1365,1393,1467,1493,1558,1568,1586,1621,1639,1687,1757,1774,1800,1806,1861,1871,1928,1997,2000,2078,2106,2147,2186,2226,2292,2387,2447,2528,
0,0,2,5,8,13,15,19,20,22,31,36,42,43,53,65,70,82,92,93,108,123,129,150,172,181,194,221,245,264,265,293,309,338,353,363,392,394,404,415,431,432,471,513,540,552,592,609,653,659,694,737,779,828,858,905,921,967,994,1038,1060,1112,1133,1136,1155,1182,1190,1199,1264,1311,1344,1370,1396,1449,1475,1540,1569,1601,1672,1684,1717,1747,1756,1785,1807,1822,1826,1867,1908,1979,2016,2034,2092,2138,2164,2218,2282,2305,2399,2478,
0,0,1,4,7,8,12,14,21,29,34,35,43,44,46,56,62,70,72,83,89,107,118,121,122,137,161,188,209,238,265,276,297,327,340,373,395,413,443,451,469,496,528,549,565,577,589,610,626,656,692,705,732,733,784,805,861,902,904,925,972,994,1015,1038,1075,1092,1144,1147,1180,1233,1286,1320,1325,1396,1422,1494,1518,1526,1575,1581,1589,1624,1679,1701,1745,1825,1904,1938,2025,2108,2116,2183,2232,2305,2306,2338,2421,2473,2516,2543,
0,0,2,4,7,8,13,16,24,33,39,41,45,54,66,67,70,71,78,89,96,114,126,142,143,165,175,199,212,238,241,242,271,299,303,319,346,352,381,401,441,462,470,476,519,542,575,585,600,632,649,693,714,755,791,805,861,913,968,998,1024,1061,1094,1152,1203,1256,1304,1346,1349,1384,1433,1436,1473,1474,1515,1532,1601,1626,1686,1722,1738,1746,1804,1884,1927,2005,2077,2093,2126,2148,2194,2257,2279,2356,2412,2503,2570,2646,2681,2759,
